normalized_en,occurrences,ID_variants,domains,distinct_features,roles,legacy_keys,per_occurrence_classification
got it,340,"Oke, ngerti (208) | Oke (107) | Mengerti (5) | Oke, siap (4) | Oke ngerti (2) | Oke! (1) | Siap (1) | Okee (1)","account-safety,finance,group,home,insurance,investment,lending,payment,promo,savings,shared,split-bill,transfer,transport",189,"cta:220,text:105,cta-gotit:4,cta-primary:1",gopay_10_campaign_shared_main_cta gopay_10_campaign_shared_main_cta_2 gopay_account_deletion_deactivation_push_notif_main_text_got gopay_account_deletion_deactivation_shared_main_text gopay_account_deletion_deactivation_shared_main_text_got,CONFIRMED_SHARED:330
continue,97,"Lanjut (78) | Lanjutkan (16) | Lanjutin (2) | Oke, lanjut (1)","account-safety,group,home,insurance,investment,lending,payment,promo,savings,split-bill,transfer",60,"text:48,cta:42,cta-secondary:5,cta-continue:2",gopay_account_creation_apply_trimegah_main_text_continue gopay_account_creation_redirecting_pop_up_main_text_continue gopay_accountlinking_google_cta gopay_accountsafety_gopaypin_createpin_cta gopay_accountsafety_gopaypin_forgotpin_text,"MERGED:96,CONFIRMED_SHARED:1"
cancel,67,Gak jadi (35) | Batal (23) | Batalin (5) | Batalkan (2) | Hapus (1),"account-safety,finance,group,home,insurance,investment,payment,promo,savings,split-bill,transfer",55,"text:32,cta:22,cta-primary:11,cta-secondary:2",gopay_3pd_alert_shared_main_text_cancel gopay_accountsafety_3pdalert_text_35 gopay_accountsafety_securityalert_accountactivity_text_7 gopay_add_expense_change_category_dialogue_card_main_text gopay_add_expense_not_uploaded_to_lokalise_fe_copy_gopay_finance_text_cancel,"MERGED:66,CONFIRMED_SHARED:1"
close,9,Tutup (9),"finance,promo,savings,split-bill,transfer,transport",9,"cta:8,text:1",gopay_coins_intronudge_cta gopay_emergencysaving_streaktutorial_close_cta gopay_error_states_and_confirmation_shared_main_cta gopay_gopay_coins_expiration_dialogue_dismiss_cta gopay_krlbooking_ticketqr_close_cta,"SHARED_CANDIDATE:8,CONTEXTUAL:1"
done,8,Selesai (7) | Oke (1),"home,promo,savings,split-bill,transport",7,"text:5,cta:3",gopay_a_plus_rewards_shared_checked_in_text gopay_a_plus_rewards_shared_main_text_done gopay_auto_debit_entry_point_on_simpanan_home_main_text_done gopay_deactivation_shared_main_cta gopay_home_profilepicture_text_6,"MERGED:7,CONFIRMED_SHARED:1"
retry,28,Coba lagi (22) | Coba ulang (3) | Ulangi (1) | Scan ulang (1) | Muat ulang (1),"group,home,insurance,investment,lending,payment,promo,split-bill,transfer",25,"cta:14,text:11,cta-secondary:3",gopay_birthday_project_push_notification_main_text_retry gopay_crypto_oboarding_main_text_retry gopay_cvv_design_on_gojek_shared_main_text_retry gopay_enterprise_payment_widget_cancel_transaction_dialogue_main_text_retry gopay_error_cases_connection_error_main_cta_secondary,"CONTEXTUAL:14,SHARED_CANDIDATE:8,MERGED:5,CONFIRMED_SHARED:1"
try again,25,Coba lagi (17) | Coba ulang (8),"home,insurance,investment,payment,transfer,transport",15,"cta:16,text:6,cta-secondary:2,cta-retry:1",gopay_bca_blu_from_setting_main_cta gopay_bca_blu_invalid_account_main_cta gopay_bca_blu_payment_flow_main_cta_secondary gopay_bca_blu_phone_number_not_linked_to_main_cta gopay_card_error_mapping_from_kevin_bank_issue_try_again_error_205_main_cta,"CONTEXTUAL:9,SHARED_CANDIDATE:8,MERGED:7,CONFIRMED_SHARED:1"
back,6,Kembali (5) | Gak jadi (1),"insurance,payment,savings,split-bill",5,"cta:3,text:3",gopay_billing_plus_e_money_insurance_e_money_main_text_back gopay_cash_loan_insurance_contextual_how_this_insurance_works_main_text_back gopay_currency_name_maping_saudi_arabia_back_cta gopay_gopay_and_tabungan_childs_wallet_main_text_back gopay_gopay_and_tabungan_insurance_main_text_back,"MERGED:5,CONFIRMED_SHARED:1"
next,0,,,,,,
save,26,Simpan (23) | Nabung (3),"account-safety,group,insurance,payment,savings,split-bill,transfer",21,"text:14,cta:12",gopay_accountsafety_onetaplogin_text_6 gopay_autodebit_insurance_landing_autopay_main_text_save gopay_family_plan_shared_main_text_save gopay_fire_and_flood_insurance_shared_main_text_save gopay_gopay_grow_piggy_bank_simpanan_shared_main_cta,"MERGED:25,CONFIRMED_SHARED:1"
edit,11,Ubah (5) | Edit (4) | Ganti (2),"group,insurance,transfer,transport",10,"text:6,cta:5",gopay_assigned_recipient_shared_main_text_edit gopay_gopay_social_shared_main_text_edit gopay_group_creationflow_addgroupdetails_members_edit gopay_group_cta gopay_group_gopaysocial_text_56,"MERGED:10,CONFIRMED_SHARED:1"
delete,8,Hapus (8),"finance,investment,promo,savings,split-bill,transfer",8,"cta:4,text:3,cta-primary:1",gopay_add_expense_note_fe_copy_gopay_finance_text gopay_auto_debit_details_main_text_delete gopay_draft_save_as_draft_confirmation_main_cta_primary gopay_emergencysaving_autodebit_details_delete_cta gopay_finance_addexpense_note_fecopygopayfinance_text,"MERGED:7,CONFIRMED_SHARED:1"
confirm,43,Konfirmasi (41),"finance,insurance,investment,lending,payment,savings,split-bill,transfer,transport",31,"cta:28,text:10,cta-primary:2,cta-secondary:1",gopay_accountlinking_addcard_enterotp_confirm_cta gopay_accountlinking_consentscreen_cta gopay_add_expense_shared_main_gopay_finance_expensereport_cta gopay_app_version_gpl_confirmation_dialogue_main_cta gopay_auto_debit_entry_point_on_simpanan_home_main_cta_2,"SHARED_CANDIDATE:28,CONTEXTUAL:13"
ok got it,61,"Oke, ngerti (57) | Oke, sip (1) | Ok, got it (1) | Oke, siap (1) | Okay, ngerti (1)","account-safety,finance,group,home,insurance,investment,lending,payment,promo,savings,transfer",30,"cta:31,text:30",gopay_account_recovery_shared_main_text_ok_got gopay_accountlinking_addcard_temporaryblockdialogue_cta gopay_accountlinking_addcard_unknowncarddialogue_cta gopay_accountsafety_accountrecovery_text_6 gopay_accountsafety_securityalert_accountactivity_text_48,"MERGED:60,CONFIRMED_SHARED:1"
maybe later,56,Nanti aja (45) | Nanti dulu (9) | Maybe later (1),"account-safety,group,home,insurance,promo,savings,transfer",44,"text:31,cta:18,cta-secondary:5,cta-cancel:1,cta-skip:1",gopay_3pd_alert_shared_main_text_maybe_later gopay_a_b_test_cross_sell_9_9_campaign_main_cta_2 gopay_a_b_test_cross_sell_interest_variant_main_cta_2 gopay_accountsafety_3pdalert_text_46 gopay_accountsafety_callshield_text,"MERGED:55,CONFIRMED_SHARED:1"
status,51,Status (51),"account-safety,group,insurance,investment,lending,payment,promo,transfer,transport",35,text:51,gopay_3pd_alert_shared_main_text_status gopay_accountsafety_3pdalert_text_17 gopay_accountsafety_securityalert_accountactivity_text_32 gopay_accountsafety_securityalert_accountactivity_text_43 gopay_accountsafety_securityalert_text_4,"MERGED:50,CONFIRMED_SHARED:1"
view all,47,Lihat semua (33) | Cek semua (8) | Lihat riwayat lengkapnya (1) | Lihat semuanya (1),"group,home,insurance,investment,lending,payment,promo,savings,split-bill,transfer,transport",33,"cta:25,text:17,title:1",gopay_crypto_dialogue_card_crypto_options_main_text_view_all gopay_emergencysaving_home_history_viewall_cta gopay_gopay_social_shared_main_cta gopay_gopaynext_home_merchantpromo_viewall gopay_groupdetailspage_viewallmembers_title,"SHARED_CANDIDATE:17,CONTEXTUAL:16,MERGED:9,CONFIRMED_SHARED:1"
top up,41,Top up (39) | Isi GoPay (2),"finance,group,home,investment,payment,promo,savings,transfer",31,"text:29,cta:11,title:1",gopay_activated_alreadt_topped_up_shared_main_text_top_up gopay_activated_not_topped_up_yet_shared_main_text_top_up gopay_activated_not_topped_up_yet_shared_main_text_top_up_2 gopay_activation_for_gopay_app_please_remove_top_up_text gopay_activation_top_up_main_text_top_up,"MERGED:40,CONFIRMED_SHARED:1"
admin fee,39,Biaya admin (36) | Biaya amdin (3),"insurance,investment,lending,payment,savings,transfer,transport",29,"text:37,title:2",gopay_activation_for_gopay_app_please_remove_main_text_admin_fee gopay_activation_for_gopay_app_please_remove_main_text_admin_fee_2 gopay_buy_shared_main_text_admin_fee gopay_crossborder_adminfee gopay_crypto_dialogue_card_crypto_options_main_text_admin_fee,"MERGED:38,CONFIRMED_SHARED:1"
total,37,Total (35) | Total transaksi (2),"finance,insurance,investment,lending,payment,promo,savings,transfer,transport",31,"text:34,value:2,title:1",gopay_activation_for_gopay_app_please_remove_main_text_total gopay_add_expense_not_uploaded_to_lokalise_main_text_total gopay_adhoc_digital_fraud_promo_pn_reminder_main_text_total gopay_buy_detail_transaction_main_text_total gopay_crack_insurance_non_contextual_declaration_main_text_total,"MERGED:36,CONFIRMED_SHARED:1"
details,35,Rincian (20) | Detail (13) | Selengkapnya (1) | Detaik (1),"group,insurance,investment,payment,promo,savings,split-bill,transfer",29,"text:27,tab:4,cta:2,title:2",gopay_activation_for_gopay_app_please_remove_others_text gopay_auto_debit_details_main_text_details gopay_bca_auto_collection_shared_main_text_details gopay_bca_blu_method_details_details_text gopay_coins_shared_details_text,"MERGED:34,CONFIRMED_SHARED:1"
refresh,45,Refresh (31) | Muat ulang (1) | Coba lagi (1),"account-safety,finance,group,home,investment,payment,promo,savings,shared,split-bill,transfer,transport",26,"cta:24,text:4,cta-secondary:4,cta-referesh:1",gopay_accountsafety_securitymeter_apifailed_cta gopay_activation_user_has_done_application_main_cta_2 gopay_add_expense_add_expense_no_internet_main_text_refresh gopay_dompet_anak_naming_exploration_failed_to_save_changes_retry_main_cta gopay_emergencysaving_home_failedtoload_history_refresh_cta,CONFIRMED_SHARED:33
coverage,30,Manfaat (20) | Nilai manfaat (4) | Jenis Perlindungan (2) | Plan Limit (1) | Perlindungan (1) | Nilai perlindungan (1) | Cakupan perlindungan (1),insurance,15,"text:26,tab:4",gopay_2w_experimentation_shared_main_text_coverage gopay_2w_experimentation_shared_main_text_coverage_2 gopay_billing_plus_e_money_insurance_post_purchase_main_text_coverage gopay_crack_insurance_contextual_coverage_details_main_text_coverage gopay_cyber_security_insurance_insurance_coverage_main_text_coverage,"MERGED:29,CONFIRMED_SHARED:1"
change method,30,Ganti metode (30),"group,insurance,payment,transfer,transport",17,"cta:23,text:4,cta-primary:3",gopay_bca_blu_blocked_account_main_cta gopay_bca_blu_daily_limit_almost_exeeded_main_cta gopay_bca_blu_daily_limit_exeeded_main_cta gopay_bca_blu_insufficient_balance_main_cta gopay_bca_blu_limit_exceeded_main_cta,"SHARED_CANDIDATE:23,CONTEXTUAL:7"
rp2 000 000,29,Rp2.000.000 (25) | -Rp2.000.000 (4),"investment,lending",15,text:29,gopay_buy_shared_main_text_rp2_000_000 gopay_gold_installment_details_shared_main_text_rp2_000_000 gopay_gold_installment_details_shared_main_text_rp2_000_000_2 gopay_gold_installment_details_shared_main_text_rp2_000_000_3 gopay_gold_installment_details_shared_main_text_rp2_000_000_4,AMBIGUOUS:29
help,28,Bantuan (28),"account-safety,finance,group,home,insurance,investment,lending,payment,promo,savings,transfer",20,"cta:15,text:13",gopay_account_recovery_shared_main_text_help gopay_activation_duplicate_id_rejection_main_cta gopay_activation_duplicate_phone_number_or_email_main_cta gopay_activation_user_has_done_application_main_cta gopay_card_error_mapping_from_kevin_error_402_main_cta,"SHARED_CANDIDATE:15,CONTEXTUAL:13"
others,29,Lainnya (27) | Others (1),"finance,group,home,investment,lending,payment,promo,savings,split-bill,transfer",18,"text:26,label:2",gopay_activation_user_has_done_application_main_text_others gopay_add_expense_note_main_text_others gopay_bca_auto_collection_shared_main_text_others gopay_coins_shared_others_text gopay_credit_card_debit_card_cc_dc_shared_main_text_others,"MERGED:27,CONFIRMED_SHARED:1"
phone number,27,Nomor HP (26) | Nomor handphone (1),"group,home,insurance,investment,lending,payment,transfer,transport",21,"text:21,title:4,value:2",gopay_account_creation_redirecting_pop_up_main_text_phone_number gopay_crack_insurance_non_contextual_declaration_main_text_phone_number gopay_credit_application_preview_plus_shared_main_text_phone_number gopay_crypto_redirecting_pop_up_main_text_phone_number gopay_cyber_security_insurance_payment_review_main_text_phone_number,"MERGED:26,CONFIRMED_SHARED:1"
date,26,Tanggal (26),"account-safety,finance,home,investment,lending,payment,promo,transfer,transport",20,"text:22,title:3,placeholder:1",gopay_3pd_alert_shared_main_text_date gopay_accountsafety_3pdalert_text_20 gopay_accountsafety_securityalert_accountactivity_text_33 gopay_accountsafety_securityalert_accountactivity_text_42 gopay_accountsafety_securityalert_text_7,"MERGED:25,CONFIRMED_SHARED:1"
full name,26,Nama lengkap (26),"insurance,investment,transport",14,"text:19,title:5,label:2",gopay_crack_insurance_non_contextual_declaration_main_text_full_name gopay_cyber_security_insurance_payment_review_main_text_full_name gopay_cyber_security_insurance_post_purchase_home_main_text_full_name gopay_cyber_security_insurance_registration_main_text_full_name gopay_digital_fraud_contextual_post_purchase_home_main_text_full_name,"MERGED:25,CONFIRMED_SHARED:1"
transfer,26,Transfer (25) | Tranfer (1),"finance,group,home,payment,promo,savings,transfer",22,"text:15,cta:10,cta-transfer:1",gopay_add_expense_note_main_text_transfer gopay_borrowers_pov_on_genie_main_cta gopay_finance_addexpense_note_text_20 gopay_finance_orderhistorygopaydiaryemail_text_29 gopay_finance_orderhistorygopaydiaryemail_text_44,"MERGED:25,CONFIRMED_SHARED:1"
pay,23,Bayar (23),"home,insurance,investment,lending,payment,promo,split-bill,transfer,transport",21,"cta:14,text:9",gopay_crossborder_pay_cta gopay_gold_installment_repayment_shared_main_text_pay gopay_health_insurance_pre_ut_ha_and_cancer_main_cta_2 gopay_home_pay_button gopay_krlbooking_pay_cta,"SHARED_CANDIDATE:14,CONTEXTUAL:9"
your rank x,23,Peringkatmu #X (23),"investment,savings,transfer",6,"text:22,title:1",gopay_investment_leaderboard_error_api_bottom_card_joining_text gopay_investment_leaderboard_verified_low_rank_main_text gopay_investment_leaderboard_verified_middle_rank_main_text gopay_investment_leaderboard_verified_top_rank_main_text gopay_investment_leaderboard_verifying_main_text,AMBIGUOUS:23
yes cancel,23,"Ya, batalin (13) | Iya, gak jadi (5) | Iya, batalin (4) | Ya, batal (1)","group,payment,promo,split-bill,transfer,transport",23,"cta:15,text:5,cta-secondary:3",gopay_accountlinking_addcard_cancelladddialogue_cancel_cta gopay_accountlinking_cancellinking_cancel_cta gopay_cvv_design_on_gojek_shared_main_text_yes_cancel gopay_enterprise_payment_widget_cancel_transaction_dialogue_main_cta_secondary gopay_error_states_and_confirmation_shared_main_cta_3,"MERGED:22,CONFIRMED_SHARED:1"
go to settings,29,Ke Pengaturan (20) | Buka Pengaturan (2),"finance,group,home,insurance,payment,promo,shared,split-bill,transport",18,"cta:10,cta-primary:7,text:4,cta-proceed:1",gopay_add_expense_add_expense_no_internet_main_text_go_settings gopay_cbo_1_5_improvement_shared_main_text_go_settings gopay_enterprise_payment_widget_connection_error_main_cta gopay_error_cases_connection_error_main_cta_primary gopay_error_statements_connection_error_main_cta_primary,CONFIRMED_SHARED:22
gopay coins,22,GoPay Coins (22),"home,payment,promo,transfer",10,"label:11,text:9,title:2",gopay_app_version_payment_listing_gopay_coins_text gopay_coins_on_finance_tab_gopay_app_shared_section_title gopay_coins_shared_gopay_coins_text gopay_cross_sell_banner_shared_gopay_coins_text gopay_enterprise_payment_widget_cancel_transaction_dialogue_main_text_gopay_coins,"MERGED:21,CONFIRMED_SHARED:1"
email,21,Email (21),"home,insurance,investment,savings,transport",15,"text:19,title:2",gopay_account_creation_redirecting_pop_up_main_text_email gopay_activation_shared_form_text gopay_crypto_dialogue_card_crypto_options_main_text_email gopay_crypto_redirecting_pop_up_main_text_email gopay_cyber_security_insurance_registration_main_text_email,"MERGED:20,CONFIRMED_SHARED:1"
transaction details,21,Rincian transaksi (9) | Detail transaksi (8) | Detail Transaksi (2) | Rincian pembelian (2),"insurance,investment,lending,payment,promo,transfer,transport",17,"text:17,title:4",gopay_adhoc_digital_fraud_promo_pn_reminder_main_text_transaction_details gopay_buy_detail_transaction_main_text_transaction_details gopay_crack_insurance_non_contextual_declaration_main_text_transaction_details gopay_crypto_dialogue_card_crypto_options_main_text_transaction_details gopay_crypto_review_payment_main_text_transaction_details,"MERGED:20,CONFIRMED_SHARED:1"
date of birth,21,Tanggal lahir (21),"insurance,investment,savings",11,"text:19,title:2",gopay_activation_for_gopay_app_please_remove_main_text_date_birth gopay_child_insurance_full_release_review_payment_main_text_date_birth gopay_crack_insurance_non_contextual_declaration_main_text_date_birth gopay_cyber_security_insurance_payment_review_main_text_date_birth gopay_cyber_security_insurance_registration_main_text_date_birth,"MERGED:20,CONFIRMED_SHARED:1"
popular,21,Populer (18) | (Populer) (2) | Terpopuler (1),"insurance,investment,lending,savings,transfer,transport",16,"text:19,badge:2",gopay_2w_experimentation_shared_main_text_popular gopay_emergencysaving_autodebit_popular_text gopay_fire_and_flood_insurance_shared_main_text_popular gopay_gold_sip_shared_main_text_popular gopay_health_insurance_pre_ut_ha_and_cancer_main_text_popular,"MERGED:19,CONFIRMED_SHARED:2"
remove,21,Hapus (20) | Hapus metode (1),"insurance,payment,promo,savings,transfer",10,"text:17,cta:3,cta-secondary:1",gopay_adhoc_digital_fraud_deactivation_shared_main_text_remove gopay_crack_deactivation_pop_up_free_trial_main_text_remove gopay_crack_deactivation_pop_up_general_alt_2_main_text_remove gopay_crack_deactivation_pop_up_general_main_text_remove gopay_crack_deactivation_pop_up_promo_main_text_remove,"MERGED:19,CONFIRMED_SHARED:1,AMBIGUOUS:1"
transaction history,20,Riwayat transaksi (14) | Riyawat transaksi (6),"insurance,investment,lending,payment,savings,transfer",17,"text:16,title:4",gopay_crypto_homepage_main_text_transaction_history gopay_dompet_anak_naming_exploration_childs_wallet_listing_transaction_history_text gopay_emergencysaving_home_history_title gopay_family_plan_shared_main_text_transaction_history gopay_gold_landing_from_installment_shared_main_text_transaction_history,"MERGED:18,CONFIRMED_SHARED:1,AMBIGUOUS:1"
go back,21,Kembali (18) | Gak jadi (1) | Balik (1),"home,investment,payment,savings,split-bill,transfer,transport",18,"cta:9,text:5,cta-primary:5,cta-goback:1",gopay_cvv_design_on_gojek_shared_main_text_go_back gopay_gopay_and_tabungan_transfer_to_gps_dialogue_main_cta_primary gopay_krlbooking_goback_cta gopay_lender_gojek_scanner_to_gopay_main_cta_primary gopay_mini_app_mini_app_doesnt_exist_main_cta,"CONTEXTUAL:10,SHARED_CANDIDATE:8,CONFIRMED_SHARED:1,MERGED:1"
active,20,Aktif (18) | Active (2),"account-safety,home,insurance,investment,payment,promo,transfer",18,"text:14,label:6",gopay_3pd_alert_shared_main_text_active gopay_3pd_alert_shared_main_text_active_2 gopay_account_activity_history_shared_main_text_active gopay_accountsafety_3pdalert_text gopay_accountsafety_3pdalert_text_13,"MERGED:19,CONFIRMED_SHARED:1"
keep it,20,Tetap pakai (17) | Tetep nyalakan (2) | Tetep minta (1),"insurance,transfer",8,text:20,gopay_adhoc_digital_fraud_deactivation_shared_main_text_keep gopay_crack_deactivation_pop_up_free_trial_main_text_keep gopay_crack_deactivation_pop_up_general_alt_2_main_text_keep gopay_crack_deactivation_pop_up_general_main_text_keep gopay_crack_deactivation_pop_up_promo_main_text_keep,"MERGED:18,CONFIRMED_SHARED:1,AMBIGUOUS:1"
gopay,20,GoPay (20),"account-safety,home,investment,payment,promo,savings,transfer",16,"text:12,label:5,title:2,cta:1",gopay_accountsafety_walletorganism_securitymeterpills_text_4 gopay_auto_debit_details_main_text_gopay gopay_crypto_shared_main_text_gopay gopay_disabled_gopay_balance_due_to_shared_method_name_label gopay_enter_otp_enter_otp_main_title_3,"MERGED:19,CONFIRMED_SHARED:1"
special for you,19,Spesial untukmu (11) | Eksklusif buat kamu (4) | Spesial buatmu (2) | Spesial buat kamu (1) | Khusus buat kamu! (1),"home,investment,promo,transfer",12,"text:17,title:2",gopay_adhoc_entry_point_for_offers_shared_main_text gopay_cbo_1_0_voucher_for_virgin_and_dormant_main_title gopay_crypto_homepage_main_text_special gopay_gems_hub_shared_main_text_special gopay_genie_l0_1ds_activation_shared_alt2_text,"AMBIGUOUS:9,MERGED:9,CONFIRMED_SHARED:1"
how to claim,19,Cara klaim (18) | Cara klaim: (1),insurance,17,text:19,gopay_billing_plus_e_money_insurance_e_money_main_text_how_claim gopay_cash_loan_insurance_contextual_how_this_insurance_works_main_text_how_claim gopay_child_insurance_full_release_coverage_claim_text gopay_crack_insurance_contextual_exclusions_detail_main_text_how_claim gopay_crack_insurance_contextual_landing_post_purchase_main_text_how_claim,"MERGED:18,CONFIRMED_SHARED:1"
time,18,Waktu (18),"account-safety,investment,lending,payment,promo,transfer",13,text:18,gopay_3pd_alert_shared_main_text_time gopay_accountsafety_3pdalert_text_21 gopay_accountsafety_securityalert_accountactivity_text_35 gopay_accountsafety_securityalert_accountactivity_text_46 gopay_accountsafety_securityalert_text_6,"MERGED:17,CONFIRMED_SHARED:1"
reguler,18,Reguler (12) | Premium (6),insurance,10,"text:17,tab:1",gopay_child_insurance_full_release_card_detail_main_text_reguler gopay_child_insurance_full_release_package_selection_main_text_reguler gopay_crack_insurance_non_contextual_plan_section_main_text_reguler gopay_crack_insurance_non_contextual_plan_section_main_text_reguler_2 gopay_crack_insurance_non_contextual_plan_section_main_text_reguler_3,"MERGED:11,AMBIGUOUS:6,CONFIRMED_SHARED:1"
withdraw,17,Tarik tunai (11) | Tarik (6),"group,home,investment,lending,savings,transfer",12,"text:12,cta:4,title:1",gopay_activated_alreadt_topped_up_shared_main_text_withdraw gopay_crypto_homepage_main_text_withdraw gopay_crypto_review_payment_main_text_withdraw gopay_gopay_and_tabungan_gopay_saldo_withdraw_cta gopay_gopay_and_tabungan_shared_withdraw_cta,"MERGED:16,CONFIRMED_SHARED:1"
amount,17,Jumlah (8) | <Rp1.000.000> (5) | Nilai (3),"finance,investment,payment,transfer",10,"text:10,value:7",gopay_add_expense_not_uploaded_to_lokalise_main_text_amount gopay_buy_detail_transaction_main_text_amount gopay_buy_shared_main_text_amount gopay_error_states_payable_review_section_amount_value gopay_finance_addexpense_notuploadedtolokalise_text_4,"MERGED:16,CONFIRMED_SHARED:1"
simpanan,17,Simpanan (17),"investment,lending,savings,transfer",12,"text:13,title:4",gopay_conventional_subject_email_main_text_simpanan gopay_cross_sell_on_gojek_app_on_gojek_tile_main_text gopay_gold_installment_details_shared_main_text_simpanan gopay_gold_installment_details_shared_main_text_simpanan_2 gopay_gold_installment_details_shared_main_text_simpanan_3,"MERGED:16,CONFIRMED_SHARED:1"
payment details,17,Detail pembayaran (10) | Rincian pembayaran (7),"insurance,investment,payment,transfer",14,"text:15,title:2",gopay_adhoc_digital_fraud_promo_pn_reminder_main_text_payment_details gopay_crack_insurance_non_contextual_declaration_main_text_payment_details gopay_crossborder_paymentdetails gopay_cyber_security_insurance_payment_review_main_text_payment_details gopay_enterprise_payment_widget_widget_payment_summary_text,"MERGED:16,CONFIRMED_SHARED:1"
gold installment,17,Cicil emas (16) | Cic (1),"investment,lending",10,text:17,gopay_credit_application_status_shared_main_text gopay_gold_installment_repayment_shared_main_text_gold_installment gopay_gold_installment_repayment_shared_main_text_gold_installment_2 gopay_gold_installment_repayment_shared_main_text_gold_installment_3 gopay_gold_landing_from_installment_shared_main_text_gold_installment,"MERGED:16,CONFIRMED_SHARED:1"
overdue,17,Lewat jatuh tempo (8) | Jatuh tempo (4) | Telat bayar (2) | Terlambat bayar (2) | Penalti (1),"home,insurance,investment,lending,payment,savings,transfer",11,"text:15,label:2",gopay_cross_sell_banner_shared_status_text gopay_gold_installment_repayment_shared_main_text_overdue gopay_gopay_and_tabungan_insurance_overdue_text gopay_gopay_and_tabungan_insurance_overdue_text_overdue gopay_gopay_and_tabungan_paylater_overdue_text,"MERGED:16,CONFIRMED_SHARED:1"
expired,18,Hangus (9) | Kedaluwarsa (8),"home,insurance,payment,promo,savings,transfer,transport",12,"text:15,badge:2",gopay_cbo_1_5_improvement_shared_main_text_expired gopay_cbo_1_5_improvement_shared_main_text_expired_2 gopay_gopay_and_tabungan_cc_dc_expired_text gopay_home_cbo15improvement_text gopay_home_cbo15improvement_text_5,"MERGED:16,CONFIRMED_SHARED:1"
buy,18,Beli (15) | Jual (1),"home,investment,payment,promo,transport",10,"cta:8,text:7,tab:1",gopay_crypto_homepage_main_text_buy gopay_crypto_shared_buy_cta gopay_crypto_shared_main_cta_4 gopay_gold_onboarding_main_text_buy gopay_gold_onboarding_main_text_buy_2,"SHARED_CANDIDATE:8,CONTEXTUAL:7,CONFIRMED_SHARED:1"
back to home,16,Kembali ke halaman utama (9) | Balik ke beranda (6) | Ke halaman utama (1),"insurance,lending,payment,transfer",6,"text:9,cta:7",gopay_credit_application_status_shared_main_text_back_home gopay_credit_application_status_shared_main_text_back_home_2 gopay_credit_application_status_shared_main_text_back_home_3 gopay_homepage_for_cancer_heart_attack_shared_main_text_back_home gopay_insurance_homepageforcancerheartattack_text_48,"MERGED:15,CONFIRMED_SHARED:1"
rp amount,15,Rp{amount} (15),"investment,payment,savings,split-bill,transfer,transport",10,"text:11,value:4",gopay_buy_detail_transaction_main_text gopay_crypto_input_amount_main_text gopay_crypto_input_amount_main_text_rp_amount gopay_crypto_review_payment_main_text gopay_crypto_review_payment_main_text_rp_amount,AMBIGUOUS:15
total amount,16,Jumlah total (9) | Total (2) | Total tagihan (1) | Target total (1) | Jumlah top up (1) | Total hadiah (1),"investment,lending,payment,savings,split-bill,transfer",12,"text:8,value:6,label:1",gopay_activation_for_gopay_app_please_remove_main_text_total_amount gopay_crypto_input_amount_main_text_total_amount gopay_crypto_review_payment_main_text_total_amount gopay_envelope_ramadan_with_voice_note_specific_people_card_main_text_total_amount gopay_error_states_payable_amount_review_post_total_amount_value,"MERGED:14,CONFIRMED_SHARED:1"
transaction id,15,ID transaksi (8) | ID Transaksi (7),"investment,lending,payment,promo,transfer,transport",13,text:15,gopay_buy_detail_transaction_main_text_transaction_id gopay_crypto_review_payment_main_text_transaction_id gopay_gold_installment_order_history_shared_main_text_transaction_id gopay_investment_buy_detailtransaction_text_9 gopay_investment_crypto_reviewpayment_text_14,"MERGED:14,CONFIRMED_SHARED:1"
show less,15,Tutup (11) | Lihat lebih sedikit (2) | Tutup sebagian (2),"account-safety,investment,lending,payment,transfer",14,"text:14,cta:1",gopay_accountsafety_securityalert_text_8 gopay_buy_detail_transaction_main_text_show_less gopay_crypto_dialogue_card_crypto_options_main_text_show_less gopay_crypto_review_payment_main_text_show_less gopay_freemeal_showless_button,"MERGED:13,CONFIRMED_SHARED:1,AMBIGUOUS:1"
gold,15,Emas (15),"finance,investment,lending",8,text:15,gopay_entry_points_money_card_investment_activated_text gopay_entry_points_money_card_investment_not_activated_text gopay_finance_pfmongojek_text_3 gopay_gold_landing_from_installment_shared_main_text_gold gopay_gold_on_gojek_app_card_alt_1_text,"MERGED:12,AMBIGUOUS:2,CONFIRMED_SHARED:1"
recommended,15,Rekomendasi buatmu (7) | Rekomendasi (3) | (Rekomendasi) (2) | Direkomendasikan (2) | Lebih hemat (1),"home,insurance,investment,payment,transport",8,text:15,gopay_autodebit_insurance_landing_autopay_main_text_recommended gopay_genie_l0_1ds_activation_shared_alt1_text gopay_genie_l0_1ds_activation_shared_alt1_text_recommended gopay_genie_l0_1ds_activation_shared_alt1_text_recommended_2 gopay_genie_l0_1ds_activation_shared_alt1_text_recommended_3,"AMBIGUOUS:7,MERGED:6,CONFIRMED_SHARED:2"
under maintenance,15,Dalam perbaikan (13) | Lagi diperbaiki (2),"payment,promo,savings,split-bill,transfer",12,"text:11,helper:2,title:1,subtitle:1",gopay_enterprise_payment_widget_widget_main_text_under_maintenance gopay_error_states_shared_main_text_under_maintenance gopay_gopay_and_tabungan_coins_maintenance_text gopay_gopay_and_tabungan_coins_maintenance_text_under_maintenance gopay_gopay_and_tabungan_gopay_saldo_maintenance_text,"MERGED:14,CONFIRMED_SHARED:1"
